supplier_id,supplier_name,supplier_phone,supplier_email,supplier_address
SU9516,"Ruiz, Huang and Brown",455.561.9636x151,blacktammy@example.com,"5555 Thomas Mountain Suite 773
Bushshire, DE 49830"
SU0997,Wilson-Williams,4649597378,marquezjames@example.com,"74376 Reynolds Drive Apt. 443
Travisberg, FL 79518"
SU2079,"Lane, Rogers and Warren",+1-293-664-8498x47393,phillipscharles@example.org,"12946 Paul Mountains
Lake Amandachester, ID 23999"
SU4310,Gibson-Gibbs,298.756.4415x0783,ddavis@example.org,"10746 Wilson Bypass Apt. 529
North Maria, ME 99383"
SU4258,Fernandez LLC,375.521.6567x122,qlowe@example.org,"8754 Stone Route Apt. 803
East Steven, VI 86036"
SU6065,Willis Group,001-548-783-2385x951,fernandezsamantha@example.com,"802 Heather Point
South Stevenmouth, RI 76922"
SU0701,"Guzman, Parker and Graves",753.698.9094x397,williamwhite@example.com,"0770 Olivia Court
Franciscoport, NV 36829"
SU8784,"Mcgrath, Wilson and Myers",6673875269,irobinson@example.com,"46086 Francis Route
North Barbaraside, MP 45403"
SU0260,Ibarra Group,995-627-6635,brianna21@example.org,"Unit 1230 Box 9604
DPO AE 88108"
SU3815,Mills Inc,(711)758-6442,ericksonalex@example.com,"37976 Lindsey Divide
Port Alexander, GU 66287"
SU8020,"Love, Norton and Taylor",202.634.1737x90894,lreyes@example.com,"33622 Ingram Inlet
Carpentertown, AR 36396"
SU4543,"Harper, Parks and Cobb",+1-447-655-0529,stephentorres@example.com,"36019 Wyatt Neck
East Kelsey, MD 88078"
SU0472,"Bowen, Gibson and Martinez",+1-273-737-6315x19299,sheliaroach@example.com,"94041 Velasquez Causeway
Cisnerosfurt, VI 88798"
SU5453,"Guzman, White and Roth",001-952-783-4690x381,jenniferlee@example.org,"725 Philip Islands Suite 612
Wellsview, NY 91072"
SU3367,"Stewart, Wilson and Barajas",797.587.9562x8949,normanwilson@example.net,"577 Tracy Cliff
Port Jacob, ME 60583"
SU8305,Sullivan and Sons,+1-499-332-2291x52877,jeremy15@example.net,"68865 Melissa Mountains Suite 776
North Ericview, AK 01447"
SU5345,Swanson-Skinner,+1-337-288-9670x40464,ephillips@example.net,"460 Mcneil Glen Suite 148
South Alyssatown, PA 29091"
SU0304,Valencia LLC,(639)305-7694,ivalenzuela@example.org,"55808 Andrew Viaduct
Vanessaville, AR 04513"
SU7342,"Meyer, Gonzalez and Cooper",+1-731-245-0542x2262,colonerica@example.com,"57204 Jennifer Roads Suite 673
Tracyborough, SD 77970"
SU7384,Fuller-Garcia,(469)812-0033,jonathanwilliams@example.org,"23000 Travis Point Suite 002
Lake Terryhaven, PA 99822"
SU2460,Johnson-Ford,532.665.8449x28592,cevans@example.org,"667 Brenda Expressway
Howelltown, NJ 83331"
SU3202,Sheppard-Chambers,574-958-2701x919,kristinrandolph@example.org,"28264 Victoria Bridge Apt. 125
Dawnville, PR 64306"
SU5587,"Parsons, Hanson and Sanchez",914.425.0715x2045,kathleen79@example.net,"43112 Hodge Park Apt. 941
Christopherfort, MA 33913"
SU8741,Smith Inc,001-368-659-2745x70108,georgescott@example.net,"30361 Hogan Lights Apt. 446
Port Rosemouth, CA 11409"
SU9043,Gonzales-Thompson,(484)439-8151,nicolewhite@example.com,"590 Jeffrey Prairie Suite 068
South Teresastad, FL 34069"
SU3112,"Gray, Blankenship and Weber",001-335-972-3220x93320,emccormick@example.org,"08202 Douglas Mall Apt. 671
North Gloriaborough, OK 95684"
SU9618,"Gonzalez, Gates and Carlson",897.824.9935x55521,fitzpatrickdebbie@example.org,"17115 Myers Stream
Johnport, DC 95396"
SU9093,Gilmore Group,001-712-851-8441x5099,michaelmyers@example.org,"957 Cameron Springs
Maddenside, AR 32140"
SU9639,"Acevedo, Finley and Acosta",934-356-6978x572,michael38@example.org,"6978 Lamb Isle Suite 870
Lake Alexander, IA 55872"
SU3208,Bishop Ltd,+1-831-868-4102x3045,andrea74@example.com,"00150 Wolfe Road Suite 483
Smithfurt, AK 83581"
SU1728,Beck-Ruiz,788.654.7394,shaneyoung@example.net,"14630 Chris Isle
Burkeberg, FL 68761"
SU9016,"Chapman, Rivera and Howard",217-866-6179,joann13@example.com,"8707 Lane Burgs
Orrhaven, FL 54938"
SU8071,Pittman PLC,001-932-245-0321x5083,tonygallegos@example.com,"674 Jerry Drives Apt. 883
East Robert, AR 15259"
SU6608,Tucker Group,001-386-641-3918x0866,zacharyfleming@example.net,"589 Heather Inlet
Scottbury, SD 51847"
SU4206,Abbott-Palmer,442.275.9917,cwilson@example.com,"Unit 2350 Box 3816
DPO AE 09685"
SU1392,French Ltd,736.512.5652x8954,ywashington@example.org,"531 Cheyenne Drives
Sharonville, OR 74812"
SU3544,Turner and Sons,+1-582-529-2506x0664,browntyler@example.org,"7053 Andrew Squares
Port Amandaview, FM 70285"
SU5040,Liu LLC,(709)222-7711,roblesdeanna@example.net,"90554 Sonya Rue Suite 883
Garrettville, KY 61696"
SU6213,Hayes and Sons,479.599.9490,nancyoconnor@example.net,"Unit 3384 Box 2745
DPO AP 57614"
SU1163,Valdez Inc,967-539-4594x9240,daviskristine@example.net,"220 Charles Fort
Port Joshua, IL 63281"
SU9458,Frost Ltd,+1-520-475-8048,cassie87@example.com,"3446 Jones Underpass
Lemouth, CT 77316"
SU5853,"Jones, Velasquez and Warren",+1-684-989-2178,sanchezdiane@example.com,"06450 Emma Alley
Ryanview, NJ 94952"
SU8772,Cannon-Cervantes,943-746-1709x23690,mullenjessica@example.com,"00940 Stevens Streets Suite 557
South Kristinview, AS 66242"
SU7961,"Morris, Huff and Greer",340.269.9258,sleon@example.org,"4817 Caroline Hills Apt. 939
East Jessica, VA 27744"
SU8060,Palmer-Sanchez,335-853-8469,marvinkoch@example.com,"38250 Taylor Light Apt. 923
Jamiemouth, GA 77480"
SU1240,"Howard, Marshall and Williams",001-943-661-9483,cochoa@example.net,"5208 Kelley Union
East Pattymouth, AL 84061"
SU9280,Higgins Ltd,+1-782-203-8599x9719,kristina21@example.com,"636 Martin Spurs
East Sandra, ID 98403"
SU6516,Murray LLC,001-775-776-0371x44924,fnicholson@example.com,"09757 Brewer Curve Apt. 561
Stewartmouth, HI 18180"
SU3564,"Bell, Campbell and Rodriguez",001-302-435-5871x35931,smithadam@example.org,"4991 Ashley Well
Riveraland, NV 89411"
SU8843,Christian-Rogers,737.202.5534,churchsean@example.org,"70631 Michelle Gateway Suite 877
North Jenniferbury, NC 15070"
SU7266,Campbell-Cruz,001-958-932-9861,randalljohn@example.com,"475 Wesley Lock
Brianside, PA 53646"
SU7836,"White, Gilbert and Myers",729-891-2366x0358,vmiller@example.org,"260 Matthew Spring
Teresamouth, PR 33879"
SU0089,"Moss, Crawford and Scott",457-990-1312x844,bradysarah@example.com,"60820 Jocelyn Dale Apt. 962
Julieshire, WA 82403"
SU5940,"Miller, Green and Mcfarland",3548245121,michaelbaker@example.com,"75600 Julie Forest Apt. 691
Lake Kyle, PW 39533"
SU4556,"Owens, Salazar and Mcdonald",+1-459-367-4100x308,bethanygreen@example.net,"3336 Steven Ridge Suite 556
South Alice, MS 91758"
SU7322,Parker-Hernandez,(825)875-6904x0229,lisagrimes@example.net,"0612 Reyes Trail
Lake Jeffhaven, NC 08697"
SU3140,"Davis, York and Weber",715.875.8029x81625,scottvanessa@example.net,"731 Gallagher Hollow Suite 847
Megantown, UT 49096"
SU1807,Bryan-Young,215-657-1883x127,johnmontes@example.com,"956 Bradley Skyway
New Emma, IN 08239"
SU4591,Hoffman-Murray,911-347-7108,albert94@example.com,"PSC 3091, Box 4244
APO AA 83917"
SU6383,"Walter, Garcia and Santos",544-729-3965,bonillajessica@example.net,"25446 Tyler Crescent
Michelleborough, OK 11764"
SU6853,Garcia PLC,586.984.4567x3400,umorris@example.net,"42984 Garcia Loaf
Garrisonhaven, NJ 37018"
SU3725,"Ward, Anderson and Simpson",949.749.2368x800,burnettanna@example.net,"903 Adam Station Suite 472
South Gregory, VI 18139"
SU3327,Villanueva Inc,213.229.3943,dakota95@example.org,"Unit 8889 Box 4479
DPO AP 62374"
SU3155,"Berry, Jones and Butler",001-594-289-0640x4121,tim70@example.com,"Unit 7482 Box 1579
DPO AA 32082"
SU0998,Ballard-Hernandez,437.845.5987x764,kayala@example.com,"20989 Johnny Alley Suite 847
Costaton, IL 01559"
SU8777,Elliott-Gardner,001-928-259-2236,andrew95@example.com,"0764 Joshua Hill Suite 701
West Danielchester, TX 92268"
SU9927,Kane Ltd,001-215-499-0930x10986,plane@example.com,"69777 Ashley Circle
Larryhaven, SD 54082"
SU1687,Baker-Singleton,651.654.1439x3992,zwilliams@example.net,"89061 Mary Valley Apt. 869
New Tina, NE 10615"
SU2349,Mckee Inc,+1-858-375-8757x6193,davidnguyen@example.org,"402 Cannon Court
New Allison, FM 66057"
SU5914,"Hale, Brown and Long",650-531-3450x1203,patelronald@example.org,"491 Peterson Common Suite 401
Ryanshire, PA 35349"
SU0084,Keller-Williamson,420.940.9020,jonathanjones@example.com,"USNS Hernandez
FPO AE 11376"
SU0691,Walker-Rodriguez,+1-883-966-3522,susan89@example.com,"99886 David Islands Apt. 222
Jordanfurt, HI 40998"
SU1220,"Wood, Martinez and Lee",380.376.1489x459,beth28@example.org,"6145 Brown Mews
Gabrielafurt, UT 25595"
SU3006,Daniels Ltd,566-697-7433x688,deborahmarsh@example.org,"Unit 6740 Box 4646
DPO AP 87836"
SU4142,Washington Inc,8964515341,travis69@example.net,"977 Lauren Drive
Cannonchester, VT 64870"
SU3209,Snyder LLC,001-538-553-8744x287,danielle29@example.com,"0781 Rachael Mount
South Jeffrey, KS 55425"
SU5492,Brown Group,385.409.3311x174,troy58@example.com,"846 Ana Wall Suite 293
New Ericchester, AK 71321"
SU6152,Long and Sons,953-938-6085,ryanmills@example.net,"USNV Smith
FPO AP 05711"
SU6923,"Mcclain, Garcia and Norman",999-632-4281,qevans@example.com,"8598 Miller Turnpike
Port Amanda, VI 40205"
SU1691,"Matthews, Hoffman and Martinez",300.738.5810x202,fowlerjohn@example.com,"97059 Carpenter Islands
Ambershire, WA 05170"
