Ad_ID,Product_ID,Ad_Name,Ad_Status,Ad_Start_Date,Ad_End_Date
AD1537,PR4755,User-friendly actuating pricing structure,ended,2022-05-10,2023-01-19
AD6458,PR1629,Persevering encompassing orchestration,active,2023-03-07,2023-12-25
AD6641,PR9731,Secured global core,ended,2023-02-09,2023-03-24
AD9768,PR4118,Persevering disintermediate adapter,ended,2023-07-28,2024-01-13
AD0873,PR5616,Synchronized client-driven help-desk,active,2022-09-28,2023-06-03
AD8288,PR1962,User-centric maximized capability,active,2023-04-29,2023-12-18
AD4083,PR2503,Team-oriented object-oriented moratorium,ended,2023-12-20,2023-12-31
AD9230,PR1245,Multi-tiered composite adapter,ended,2022-05-17,2023-12-15
AD9132,PR3574,Enterprise-wide systematic neural-net,active,2023-09-20,2024-02-23
AD5213,PR2503,Secured coherent superstructure,active,2022-07-07,2023-10-26
AD5285,PR9615,Front-line encompassing methodology,ended,2023-04-14,2023-11-01
AD1803,PR3129,Automated bottom-line core,ended,2023-01-11,2023-08-30
AD8964,PR9788,Down-sized solution-oriented implementation,ended,2022-08-12,2024-01-11
AD0704,PR5051,Optimized value-added toolset,active,2023-02-18,2023-10-17
AD4657,PR8281,Pre-emptive non-volatile forecast,active,2022-09-29,2022-11-18
AD6156,PR0779,Enhanced 6thgeneration moratorium,ended,2022-10-13,2023-03-28
AD0619,PR5863,Optimized system-worthy process improvement,active,2023-02-08,2023-07-31
AD8512,PR4826,Up-sized hybrid budgetary management,active,2022-07-20,2023-03-13
AD0098,PR1392,Multi-layered needs-based forecast,active,2023-10-03,2023-12-29
AD8042,PR6499,Team-oriented bottom-line process improvement,active,2023-03-12,2023-08-31
AD5495,PR9213,Front-line radical Graphic Interface,ended,2023-10-04,2024-01-25
AD6570,PR0084,Fully-configurable uniform monitoring,ended,2023-12-14,2024-02-19
AD5267,PR7989,Vision-oriented leadingedge core,ended,2022-03-16,2022-11-13
AD7085,PR6552,Pre-emptive exuding ability,ended,2023-05-06,2024-02-29
AD2638,PR2823,Assimilated methodical model,active,2022-10-09,2022-11-26
AD2212,PR3175,Enterprise-wide maximized leverage,active,2023-01-23,2023-07-22
AD3807,PR8281,Seamless foreground synergy,active,2023-09-03,2023-11-27
AD4415,PR9718,Progressive encompassing instruction set,active,2023-04-18,2024-01-09
AD6413,PR2821,Decentralized needs-based customer loyalty,ended,2023-01-18,2023-08-22
AD0569,PR3777,Organic user-facing architecture,ended,2024-01-18,2024-01-21
AD9402,PR9278,Universal transitional hierarchy,active,2023-03-08,2023-10-05
AD6831,PR8366,Cloned demand-driven website,ended,2022-08-26,2023-03-06
AD2812,PR3291,Automated mission-critical flexibility,ended,2023-05-14,2024-02-04
AD0392,PR2324,Business-focused 24/7 moderator,active,2023-06-29,2023-11-19
AD9605,PR3679,User-friendly clear-thinking database,active,2023-06-17,2023-12-06
AD6804,PR9445,Open-source 5thgeneration collaboration,active,2022-09-29,2023-03-28
AD7211,PR2884,De-engineered motivating Graphic Interface,ended,2024-02-15,2024-02-27
AD0401,PR4368,Distributed bifurcated challenge,ended,2023-01-31,2023-05-08
AD8895,PR1392,Ameliorated cohesive implementation,ended,2023-12-30,2024-02-19
AD9271,PR4468,Distributed optimizing groupware,active,2022-09-29,2023-05-03
AD4574,PR2823,Team-oriented multimedia project,ended,2022-06-17,2023-11-25
AD4842,PR1418,Vision-oriented user-facing definition,ended,2023-11-10,2024-02-10
AD4915,PR3417,Re-engineered fault-tolerant framework,ended,2022-03-07,2023-08-24
AD8998,PR5051,Digitized zero administration customer loyalty,ended,2023-03-29,2024-02-27
AD9924,PR3129,Digitized tertiary infrastructure,ended,2023-02-18,2024-01-12
AD9318,PR3733,Right-sized content-based neural-net,active,2023-10-10,2023-12-14
AD9042,PR0084,Reactive scalable artificial intelligence,active,2023-08-02,2024-02-19
AD0867,PR3479,Versatile executive challenge,ended,2024-01-10,2024-01-13
AD4657,PR4099,Innovative tangible algorithm,active,2023-06-07,2024-01-28
AD1731,PR8469,Function-based dedicated core,ended,2023-02-05,2023-12-01
AD1120,PR8978,Cross-group local flexibility,ended,2022-04-27,2023-04-15
AD6487,PR7720,Monitored intermediate Graphical User Interface,active,2023-12-11,2024-02-04
AD7647,PR4118,Reactive contextually-based alliance,active,2022-10-03,2023-05-25
AD5037,PR3066,Intuitive zero tolerance toolset,ended,2023-04-20,2024-01-19
AD5041,PR2603,Extended human-resource collaboration,ended,2023-02-04,2024-01-16
AD5484,PR9615,Persistent client-driven time-frame,active,2023-11-20,2024-01-11
AD4266,PR5733,Phased multi-tasking archive,ended,2023-11-17,2023-11-25
AD9620,PR9213,Proactive local archive,active,2022-12-10,2023-11-19
AD4642,PR3733,Diverse high-level knowledgebase,ended,2022-03-12,2023-02-23
AD4819,PR9079,Focused optimal framework,ended,2023-09-20,2023-12-14
AD8943,PR8993,Open-architected dynamic benchmark,active,2023-04-03,2024-01-13
AD7981,PR2685,Realigned well-modulated workforce,ended,2023-10-11,2023-11-23
AD3815,PR1392,Versatile coherent initiative,ended,2022-08-28,2023-05-15
AD7189,PR8978,De-engineered optimizing firmware,active,2022-05-12,2022-11-18
AD6546,PR3574,Integrated interactive function,ended,2023-07-01,2023-08-20
AD3019,PR9396,Expanded solution-oriented moderator,active,2022-09-19,2024-01-09
AD1326,PR9396,User-centric non-volatile approach,ended,2022-08-21,2022-09-28
AD1735,PR9615,Open-architected local productivity,ended,2022-08-13,2023-10-26
AD0185,PR4804,Proactive executive open architecture,ended,2023-09-22,2024-02-09
AD8618,PR5733,Reverse-engineered homogeneous contingency,active,2023-03-14,2023-05-24
AD1759,PR8993,Devolved value-added superstructure,ended,2023-02-12,2023-10-18
AD7025,PR9445,Pre-emptive optimal help-desk,active,2022-07-27,2023-05-11
AD8040,PR9520,Focused responsive definition,ended,2022-04-22,2023-01-14
AD5588,PR7456,Digitized human-resource product,active,2023-06-06,2023-09-06
AD4171,PR0676,Cross-group attitude-oriented archive,active,2024-02-19,2024-02-21
AD1992,PR4608,Realigned well-modulated emulation,ended,2023-06-17,2024-01-04
AD6923,PR0676,Switchable fresh-thinking capability,active,2023-04-18,2023-12-14
AD2445,PR3479,Virtual object-oriented paradigm,active,2022-04-05,2023-03-27
AD3485,PR2823,Down-sized system-worthy productivity,active,2022-03-06,2023-06-17
AD0734,PR7306,Centralized encompassing core,active,2023-03-03,2023-05-13
AD6075,PR2010,Devolved context-sensitive complexity,active,2023-01-06,2023-02-03
AD7592,PR0601,Extended asymmetric groupware,active,2022-11-09,2023-10-06
AD0309,PR2884,Multi-channeled local flexibility,ended,2023-05-13,2023-07-20
AD1797,PR7500,Intuitive incremental help-desk,ended,2022-12-03,2023-04-23
AD2968,PR3175,Quality-focused non-volatile complexity,ended,2022-10-17,2022-12-06
AD2366,PR9396,Enterprise-wide actuating protocol,active,2023-09-07,2023-09-20
AD5006,PR2324,Implemented leadingedge groupware,active,2023-09-17,2023-10-04
AD5301,PR2780,Programmable 24/7 extranet,active,2023-09-15,2024-01-30
AD3865,PR7147,Integrated mission-critical challenge,active,2022-03-22,2022-10-12
AD2996,PR3291,Open-source modular capability,ended,2023-11-02,2024-01-11
AD6619,PR3479,Reverse-engineered mobile artificial intelligence,active,2023-03-18,2023-06-22
AD9131,PR1962,Upgradable reciprocal complexity,active,2024-01-19,2024-03-04
AD8938,PR3066,Programmable coherent function,active,2022-11-28,2024-01-24
AD8892,PR9897,Extended homogeneous portal,active,2023-02-08,2023-03-17
AD7890,PR7861,Innovative demand-driven superstructure,active,2024-01-05,2024-03-02
AD7410,PR0084,Multi-layered real-time implementation,ended,2022-12-04,2023-11-20
AD4104,PR8993,Public-key tangible capability,ended,2022-05-05,2022-12-09
AD9358,PR9897,Fundamental intangible orchestration,active,2023-10-04,2024-03-03
AD5453,PR5350,Polarized leadingedge installation,ended,2024-01-18,2024-02-04
AD3495,PR9615,User-friendly holistic function,active,2024-02-08,2024-02-09
